{
  "consistency": {
    "n": 100000, 
    "stdev": 11.901570223867642, 
    "stderr": 0.037636257821433199, 
    "mean": 4.3505106054034535
  }, 
  "centrality": {}, 
  "correlation": {}
}